,sid29,sid30,sid31,sid147,sid148,sid149,sid150,sid32,sid33,sid34,sid152,sid153,sid154,sid1,sid2,sid3,sid112,sid113,sid114,sid115,sid104,sid105,sid106,sid247,sid248,sid249,sid250,sid108,sid109,sid110,sid252,sid253,sid254,sid74,sid75,sid76,sid207,sid208,sid209,sid210,sid77,sid78,sid79,sid212,sid213,sid214,sid44,sid45,sid46,sid167,sid168,sid169,sid170,sid47,sid48,sid49,sid172,sid173,sid174,sid89,sid90,sid91,sid227,sid228,sid229,sid230,sid92,sid93,sid94,sid232,sid233,sid234,sid14,sid15,sid16,sid127,sid128,sid129,sid130,sid17,sid18,sid19,sid132,sid133,sid134,sid59,sid60,sid61,sid187,sid188,sid189,sid190,sid62,sid63,sid64,sid192,sid193,sid194
specimenName,BMP2_24_C1_A,BMP2_24_C1_B,BMP2_24_C1_C,BMP2_24_C2_A,BMP2_24_C2_B,BMP2_24_C2_C,BMP2_24_C2_D,BMP2_48_C1_A,BMP2_48_C1_B,BMP2_48_C1_C,BMP2_48_C2_A,BMP2_48_C2_B,BMP2_48_C2_C,ctrl_0_C1_A,ctrl_0_C1_B,ctrl_0_C1_C,ctrl_0_C2_A,ctrl_0_C2_B,ctrl_0_C2_C,ctrl_0_C2_D,EGF_24_C1_A,EGF_24_C1_B,EGF_24_C1_C,EGF_24_C2_A,EGF_24_C2_B,EGF_24_C2_C,EGF_24_C2_D,EGF_48_C1_A,EGF_48_C1_B,EGF_48_C1_C,EGF_48_C2_A,EGF_48_C2_B,EGF_48_C2_C,HGF_24_C1_A,HGF_24_C1_B,HGF_24_C1_C,HGF_24_C2_A,HGF_24_C2_B,HGF_24_C2_C,HGF_24_C2_D,HGF_48_C1_A,HGF_48_C1_B,HGF_48_C1_C,HGF_48_C2_A,HGF_48_C2_B,HGF_48_C2_C,IFNG_24_C1_A,IFNG_24_C1_B,IFNG_24_C1_C,IFNG_24_C2_A,IFNG_24_C2_B,IFNG_24_C2_C,IFNG_24_C2_D,IFNG_48_C1_A,IFNG_48_C1_B,IFNG_48_C1_C,IFNG_48_C2_A,IFNG_48_C2_B,IFNG_48_C2_C,OSM_24_C1_A,OSM_24_C1_B,OSM_24_C1_C,OSM_24_C2_A,OSM_24_C2_B,OSM_24_C2_C,OSM_24_C2_D,OSM_48_C1_A,OSM_48_C1_B,OSM_48_C1_C,OSM_48_C2_A,OSM_48_C2_B,OSM_48_C2_C,PBS_24_C1_A,PBS_24_C1_B,PBS_24_C1_C,PBS_24_C2_A,PBS_24_C2_B,PBS_24_C2_C,PBS_24_C2_D,PBS_48_C1_A,PBS_48_C1_B,PBS_48_C1_C,PBS_48_C2_A,PBS_48_C2_B,PBS_48_C2_C,TGFB_24_C1_A,TGFB_24_C1_B,TGFB_24_C1_C,TGFB_24_C2_A,TGFB_24_C2_B,TGFB_24_C2_C,TGFB_24_C2_D,TGFB_48_C1_A,TGFB_48_C1_B,TGFB_48_C1_C,TGFB_48_C2_A,TGFB_48_C2_B,TGFB_48_C2_C
experimentalTimePoint,24,24,24,24,24,24,24,48,48,48,48,48,48,0,0,0,0,0,0,0,24,24,24,24,24,24,24,48,48,48,48,48,48,24,24,24,24,24,24,24,48,48,48,48,48,48,24,24,24,24,24,24,24,48,48,48,48,48,48,24,24,24,24,24,24,24,48,48,48,48,48,48,24,24,24,24,24,24,24,48,48,48,48,48,48,24,24,24,24,24,24,24,48,48,48,48,48,48
collection,C1,C1,C1,C2,C2,C2,C2,C1,C1,C1,C2,C2,C2,C1,C1,C1,C2,C2,C2,C2,C1,C1,C1,C2,C2,C2,C2,C1,C1,C1,C2,C2,C2,C1,C1,C1,C2,C2,C2,C2,C1,C1,C1,C2,C2,C2,C1,C1,C1,C2,C2,C2,C2,C1,C1,C1,C2,C2,C2,C1,C1,C1,C2,C2,C2,C2,C1,C1,C1,C2,C2,C2,C1,C1,C1,C2,C2,C2,C2,C1,C1,C1,C2,C2,C2,C1,C1,C1,C2,C2,C2,C2,C1,C1,C1,C2,C2,C2
ligand,BMP2,BMP2,BMP2,BMP2,BMP2,BMP2,BMP2,BMP2,BMP2,BMP2,BMP2,BMP2,BMP2,ctrl,ctrl,ctrl,ctrl,ctrl,ctrl,ctrl,EGF,EGF,EGF,EGF,EGF,EGF,EGF,EGF,EGF,EGF,EGF,EGF,EGF,HGF,HGF,HGF,HGF,HGF,HGF,HGF,HGF,HGF,HGF,HGF,HGF,HGF,IFNG,IFNG,IFNG,IFNG,IFNG,IFNG,IFNG,IFNG,IFNG,IFNG,IFNG,IFNG,IFNG,OSM,OSM,OSM,OSM,OSM,OSM,OSM,OSM,OSM,OSM,OSM,OSM,OSM,PBS,PBS,PBS,PBS,PBS,PBS,PBS,PBS,PBS,PBS,PBS,PBS,PBS,TGFB,TGFB,TGFB,TGFB,TGFB,TGFB,TGFB,TGFB,TGFB,TGFB,TGFB,TGFB,TGFB
replicate,A,B,C,A,B,C,D,A,B,C,A,B,C,A,B,C,A,B,C,D,A,B,C,A,B,C,D,A,B,C,A,B,C,A,B,C,A,B,C,D,A,B,C,A,B,C,A,B,C,A,B,C,D,A,B,C,A,B,C,A,B,C,A,B,C,D,A,B,C,A,B,C,A,B,C,A,B,C,D,A,B,C,A,B,C,A,B,C,A,B,C,D,A,B,C,A,B,C
Well_Cell_Count,1543,1452,1265,1356,1395,1408,759.5,2587,3713,2505,3171,2754,1314,728,746.8,634.5,852.2,1250,792.9,737.8,1672,2298,1624,1739,1776,1831,964,4681,5553,5026,4866,4687,2532,1360,2003,1062,1507,1272,1441,871,2264,2703,2047,2970,2778,1285,1653,1651,1463,1044,1524,2023,778.5,2484,3720,1637,2934,3555,1337,1933,1582,1362,1686,1890,1735,776,3105,3142,2773,2934,3188,1833,591,527,602,669.5,766,577.5,274.7,293,388,482.5,593,601,383.5,1579,1529,1228,1239,1766,1437,594,3097,2702,2098,2754,3231,1401
Image_Cell_Count,128.6,121,105.4,113,116.2,117.3,63.29,235.2,309.4,208.8,264.2,229.5,109.5,60.67,63.42,53.86,71.02,104.2,66.07,61.48,139.3,191.5,135.3,144.9,148,152.6,82.72,468.1,462.8,418.8,405.5,390.6,218.1,113.3,166.9,88.5,125.6,106,120.1,72.59,205.8,225.2,170.6,247.5,231.5,107.1,137.8,137.6,121.9,87,127,168.6,64.88,207,310,136.4,244.5,296.2,111.4,161.1,131.8,113.5,140.5,157.5,173.5,64.66,258.8,261.8,231.1,244.5,265.7,152.7,49.25,43.92,50.16,55.8,63.84,48.12,22.89,24.42,32.33,42.07,49.42,50.08,32.47,131.6,127.4,102.3,103.2,147.2,119.8,49.5,258.1,225.2,174.8,229.5,269.2,116.8
Intensity_IntegratedIntensity_EdU,NA,NA,NA,65330,57600,55590,59370,67340,70020,74480,81650,73370,69310,NA,NA,NA,NA,NA,NA,NA,NA,NA,NA,94460,94450,82730,91620,84000,100400,95260,111600,112900,103900,NA,NA,NA,85170,56420,58740,66010,41020,51120,45850,42730,40590,54290,NA,NA,NA,76490,71960,75590,61540,38110,38800,38290,43990,44240,54820,NA,NA,NA,89100,71040,73500,74760,31100,35280,37960,46180,41100,65880,NA,NA,NA,32300,32000,29000,38650,35780,34160,29780,29140,33000,32110,NA,NA,NA,71790,76280,65720,66830,75050,98220,88370,87740,82140,83370
Intensity_IntegratedIntensity_OriginalDNA,320700,324400,336300,327600,338400,311500,336400,374400,384600,376400,387600,366800,336200,294400,325600,318600,319800,336700,339800,396500,340200,382300,380000,357700,383300,370500,397500,413200,436700,431400,426000,415100,410500,321500,358000,356800,354800,342300,347100,364600,348600,389800,339800,337100,327000,360800,351000,389300,375200,328300,334900,346800,347200,397000,414900,419400,360000,347300,362400,336300,373000,385000,370800,354900,346500,393400,348700,368800,376000,370100,335200,377800,346000,407400,341100,315900,355800,346500,399600,396800,401000,287400,298800,352400,334000,327600,345500,338700,345300,356800,331600,332600,397500,431300,410000,399800,391300,373100
Intensity_LowerQuartileIntensity_EdU,NA,NA,NA,188.1,156.3,168.9,169.8,146.4,157,162.8,172.5,163.5,178.2,NA,NA,NA,NA,NA,NA,NA,NA,NA,NA,282.6,256.5,230.8,246.8,182,228.1,210.2,241.9,263.6,253,NA,NA,NA,238.4,172.1,173.8,187,124.7,146.3,135.2,121.2,124.5,163,NA,NA,NA,241.1,208.1,216,180.4,117.5,123.4,123,129.7,131,171.9,NA,NA,NA,267.5,211.6,224.2,220.4,114.8,128.6,132,148.9,144.3,205.4,NA,NA,NA,120.8,113.4,113.7,123.8,114.2,116.1,112.4,112,112.8,119,NA,NA,NA,182.4,174,163.8,172.1,146.8,192,192.1,176.4,167.4,181.4
Intensity_LowerQuartileIntensity_OriginalDNA,844.5,929.4,949,956.1,926.5,932.9,964.8,833.9,897.9,859.2,847.7,855.2,906.9,880.4,977.8,1015,962.7,1023,1017,1090,953.7,1078,1107,1134,1096,1090,1134,947.7,1078,1017,990.6,1054,1072,957.9,1106,1109,1037,1063,1063,1066,1033,1129,1026,945,976.5,1092,1001,1169,1196,1097,1021,1055,1058,1146,1236,1243,1043,1018,1120,1022,1214,1204,1197,1140,1116,1223,1205,1324,1304,1237,1195,1255,982.8,1166,1042,1083,1104,1166,1160,1058,1130,963.7,1039,1064,1078,735.2,822.8,857.2,879.2,822.8,827,880.2,783,872.6,900.9,813.5,817.6,827.5
Intensity_MaxIntensity_EdU,NA,NA,NA,271.1,210.1,230.9,238.1,193.1,214.8,227.9,240.7,229.7,253.1,NA,NA,NA,NA,NA,NA,NA,NA,NA,NA,460.2,408.3,353.6,388.2,265,353.8,324.8,375.4,419.1,404.5,NA,NA,NA,379.8,257.3,263.7,284.6,155.9,202.7,180.3,145,152.7,233.3,NA,NA,NA,388.9,316.8,331.6,277.6,140.9,153,156.2,166.7,172.2,253.7,NA,NA,NA,461.8,345.7,363.4,387.2,131.4,165.8,173.2,214.7,202.9,332.6,NA,NA,NA,140.4,124,125.4,148.2,124.4,128.2,121.7,121.4,123.9,136,NA,NA,NA,268.9,247.2,225.7,247.3,196,286.2,293.6,255,236,264.4
Intensity_MaxIntensity_OriginalDNA,1207,1336,1367,1386,1348,1385,1452,1150,1234,1196,1167,1189,1316,1294,1428,1503,1438,1524,1551,1697,1385,1550,1633,1696,1616,1614,1715,1287,1487,1399,1370,1482,1559,1381,1600,1624,1511,1563,1586,1591,1477,1618,1448,1292,1372,1618,1481,1772,1808,1661,1495,1555,1604,1746,1886,1952,1516,1473,1707,1409,1756,1742,1736,1650,1600,1843,1694,1879,1866,1737,1676,1822,1502,1832,1594,1632,1702,1887,1888,1749,1865,1494,1578,1696,1736,1048,1204,1282,1288,1173,1203,1306,1099,1256,1344,1156,1152,1199
Intensity_MeanIntensity_EdU,NA,NA,NA,206,167.1,183.6,184.2,155.1,168,175.2,185.6,176,193.5,NA,NA,NA,NA,NA,NA,NA,NA,NA,NA,322.6,289.9,257.2,278.6,197.4,252.3,231.6,268.2,294.7,284.3,NA,NA,NA,268.7,190.4,193.9,209.1,131.2,157.5,144.6,126,129.7,177.9,NA,NA,NA,274.7,231.8,241.3,202.7,121.9,129.3,129.5,136.3,139,190.1,NA,NA,NA,309.2,241.4,254.9,258,118,135.4,140.7,162.6,156.5,233.8,NA,NA,NA,124.5,115.4,116,128.9,116.2,118.7,114.2,113.9,115,122.4,NA,NA,NA,199.8,188.5,176,188.6,156.6,210.9,213.2,192.5,181,199.9
Intensity_MeanIntensity_OriginalDNA,941.4,1041,1064,1077,1039,1057,1100,914.8,981.4,947.8,929,940.4,1018,995.6,1102,1152,1094,1159,1165,1260,1070,1208,1255,1295,1242,1236,1296,1034,1185,1117,1090,1169,1207,1072,1237,1249,1166,1200,1204,1208,1151,1258,1138,1033,1081,1236,1133,1341,1368,1256,1152,1193,1208,1308,1414,1439,1169,1140,1284,1126,1367,1354,1346,1279,1248,1394,1337,1478,1462,1373,1327,1412,1123,1347,1190,1236,1263,1365,1360,1242,1326,1108,1186,1230,1258,824.5,933.3,981.9,990.9,914.9,925.9,997,869.4,980.4,1029,902.7,905.5,930.5
Intensity_MedianIntensity_EdU,NA,NA,NA,207,167.7,184.8,185,155.3,168.2,175,186.2,175.8,194.3,NA,NA,NA,NA,NA,NA,NA,NA,NA,NA,323.6,291.8,259,280,197.1,252.2,230.7,268.1,294.6,285.1,NA,NA,NA,269,190.1,193.2,209.6,130.6,156.8,144.2,125.8,129.4,178.1,NA,NA,NA,275.7,233.4,243.1,202.7,121.6,129,128.8,135.8,138.6,190.8,NA,NA,NA,308.4,240.6,254.4,256.4,117.8,134.8,140.2,161.8,155.4,233.2,NA,NA,NA,124.3,115.4,115.9,129.2,116.2,118.8,114.1,113.9,115,122.4,NA,NA,NA,200.1,188.8,176.6,189.5,156.6,211.5,212.8,192.6,181.1,200.2
Intensity_MedianIntensity_OriginalDNA,954.9,1061,1084,1101,1058,1077,1116,929.2,1000,962.7,945,956.7,1037,1011,1122,1171,1110,1176,1182,1273,1087,1230,1276,1317,1264,1260,1317,1052,1208,1137,1110,1190,1228,1089,1255,1270,1187,1221,1222,1224,1168,1278,1158,1052,1099,1257,1148,1360,1388,1277,1174,1216,1224,1321,1428,1452,1187,1157,1302,1143,1390,1374,1367,1298,1267,1412,1355,1502,1483,1393,1345,1431,1134,1366,1206,1256,1278,1376,1367,1247,1334,1120,1205,1238,1270,833.9,945.9,994.6,1009,929.2,942.5,1014,877.7,994.2,1041,912.3,916.5,940.8
Intensity_MinIntensity_EdU,NA,NA,NA,143.5,127.7,134.8,135.2,121.5,127.2,130.2,133.7,130.6,137.7,NA,NA,NA,NA,NA,NA,NA,NA,NA,NA,192.5,175.9,163.5,173.2,140.6,164,155.7,170.9,184.8,175.7,NA,NA,NA,170.5,135.8,137.6,143.7,112.2,123.1,117.6,110.6,112.4,131.2,NA,NA,NA,171.2,153.2,158,140.4,108.7,112.7,112.3,114.8,115.7,134,NA,NA,NA,184,156.7,163.5,159.2,107.3,114.9,116.7,124.6,123.3,154.4,NA,NA,NA,111.5,107.6,107.7,113.1,108,109.4,106.9,106.6,106.9,110.2,NA,NA,NA,139.6,135.6,129.7,134.7,122,142.4,145.3,137.1,132.4,140.6
Intensity_MinIntensity_OriginalDNA,621.3,670.8,686.6,697.2,670.3,671.7,697.6,616.4,644.7,634.4,618.4,623.9,656.4,637,696.4,731.2,683.4,716.4,711.2,755.2,690,770.1,792.2,821.4,788.3,782.7,810.5,696.5,774.7,744,723.2,766.9,772.1,685.9,782.5,782.1,741.2,751.4,749.8,756.8,736.1,795.5,733.8,679.2,699.8,772.3,729.4,836.3,852.7,791.8,739.6,757,766.3,818.2,872.1,873.5,744,730.5,803.7,747.8,868.9,871.8,860.6,822,807.3,866.9,887.1,965.8,957.1,908.1,881.2,911.7,696.8,806.4,732.2,763.9,776.5,816.6,815.4,747.1,790.7,687,731.6,751.4,757.9,569.6,621.5,645.2,642,609.1,603.2,647,605.6,649.3,674.8,606.8,612.8,630.6
Intensity_StdIntensity_EdU,NA,NA,NA,26.83,16.57,21.12,21.4,13.55,16.87,18.82,20.7,18.97,23.42,NA,NA,NA,NA,NA,NA,NA,NA,NA,NA,58.05,49.61,40,46.34,23.36,36.73,32.1,39.9,46.62,46.88,NA,NA,NA,44.14,25.88,27.38,30.59,9.028,16.25,12.82,6.632,7.721,21.4,NA,NA,NA,47.95,35.01,37.05,30.39,6.134,7.966,8.726,9.709,11.11,25.96,NA,NA,NA,59.5,41.44,43.72,51.06,4.678,9.944,11.87,19.03,16.84,39.22,NA,NA,NA,5.466,2.98,3.318,7.047,2.935,3.623,2.649,2.71,3.212,4.956,NA,NA,NA,26.27,21.9,19.2,23.69,14.29,28.39,30.1,23.4,20.1,26.13
Intensity_StdIntensity_OriginalDNA,134.8,156.7,160.1,166.5,158.9,170.3,182.1,117.3,129.5,125.9,121.3,126.1,155.6,156.9,173.4,185.5,179.9,190.2,201.6,228.2,161.6,182.5,200.9,214.1,199,199.5,218.6,128.1,158.2,145,144,162.9,185.5,160.8,187.3,196.4,180.1,191.2,197.2,197,169,186.4,162,134,151.8,199.9,178,228.3,231,212.9,181.3,190.8,202,217.4,239.1,259.5,176.8,170.6,218.3,150,210.7,205.4,205.6,194.4,183.8,232.8,186.2,214.9,215.4,191.9,185.3,216.2,189.9,245,202.8,208.7,218.6,262.9,263.4,239.8,259.4,192.4,202.1,225.5,238.1,115,142.7,158,152.8,129.2,138.6,156.9,113.7,142.9,162.4,122.3,120.8,135.3
Intensity_UpperQuartileIntensity_EdU,NA,NA,NA,224.6,178.1,198.9,198.9,164,179.1,187.5,199.5,188.4,209.1,NA,NA,NA,NA,NA,NA,NA,NA,NA,NA,363.5,324.6,285,311.6,212.7,276.7,252.4,295,326,316.2,NA,NA,NA,299.1,208.1,213.3,230.6,137.3,168,153.1,130.3,134.5,192.4,NA,NA,NA,308.8,256.2,267.2,224.4,125.9,134.5,135.3,142.4,146.2,208.3,NA,NA,NA,349.8,270.2,285.1,293.2,121,141.5,148.6,175,167.5,260.8,NA,NA,NA,127.9,117.4,118.3,133.8,118.1,121.3,115.9,115.7,117.2,125.8,NA,NA,NA,217.6,203.1,189.3,205.1,166.4,230.4,233.7,208.7,194.8,218.5
Intensity_UpperQuartileIntensity_OriginalDNA,1047,1165,1192,1210,1163,1191,1244,1006,1080,1046,1023,1038,1140,1121,1241,1301,1237,1309,1325,1442,1197,1353,1418,1469,1402,1394,1472,1133,1309,1231,1203,1298,1356,1199,1383,1404,1308,1350,1359,1362,1283,1403,1266,1136,1199,1394,1275,1526,1554,1427,1296,1344,1369,1480,1602,1647,1308,1275,1459,1244,1537,1518,1509,1433,1393,1578,1483,1649,1634,1524,1474,1585,1272,1538,1348,1401,1432,1571,1566,1428,1526,1257,1344,1400,1444,918.2,1050,1112,1112,1016,1034,1122,960.7,1096,1162,999.3,1001,1039
Intensity_IntegratedIntensityEdge_CellMask,63530,57060,61660,43770,51860,48280,68680,40700,54190,56420,47300,48740,51740,75860,67040,64880,46120,58200,51540,69930,67600,56280,65500,47820,51400,52180,66700,38420,52190,56990,46050,51080,57210,81080,80840,85650,54500,69400,66540,79900,63350,76250,82560,54510,59400,74840,72470,64940,79230,51140,56010,57590,88920,56420,66840,81680,52620,54940,71850,92310,75910,88650,66700,80140,72920,107800,66130,80080,91620,69190,73080,97960,87880,81120,85120,53310,61000,53650,71210,64320,67560,69710,41140,48640,55600,50340,41720,46460,31040,42970,39620,52740,36920,43800,45790,42450,42850,46320
Intensity_IntegratedIntensityEdge_KRT5,69340,58180,56060,53560,56320,56410,75440,45210,50680,47760,44380,44020,51420,89230,69280,87840,45890,65300,55300,91470,73350,54740,62560,52440,55570,51440,69780,45490,46090,47110,38210,44780,54180,89420,87230,80790,61380,71320,62220,84000,79110,80840,74960,54720,62110,72470,77210,61660,74160,59130,57790,65070,85640,61860,57510,63850,52580,49100,68780,106200,84000,88770,61570,89430,74060,106400,89430,88430,86800,62740,71060,91530,126200,92820,102500,80180,80900,68270,97780,70920,92840,82420,68760,70340,85400,50220,42280,44130,39670,47360,41590,56700,41080,39670,39170,38510,38430,44410
Intensity_IntegratedIntensity_CellMask,1030000,876900,967300,738500,831600,821900,1126000,576200,761900,822500,698800,714400,853000,1252000,971900,939800,644300,706900,718900,842600,1047000,806400,942100,827900,859800,890500,1069000,474500,637500,689500,630900,653300,880300,1043000,878800,1020000,789000,891200,869600,1070000,675200,800400,864000,617600,673000,972900,1128000,954900,1071000,857600,945800,942900,1282000,593400,699000,883800,620800,645600,969800,1009000,829200,973600,742600,897000,822200,1183000,541600,658400,751300,597600,644800,972000,1219000,1038000,1084000,689600,716900,758400,964300,1045000,1022000,875600,518000,549600,810500,956000,771500,903000,557700,759900,726300,1005000,555000,719400,800900,695400,672900,824500
Intensity_IntegratedIntensity_KRT5,868600,710700,695100,703100,719700,751200,984500,537400,590000,576000,538800,529400,678600,1177000,822800,1034000,540800,684300,659400,995200,892700,632600,719400,688700,720600,678800,894000,490700,480500,498000,436600,484900,680900,967700,831300,823900,716000,770100,682500,957700,759900,751300,702000,548800,617600,813800,939000,733000,821900,764800,761700,827900,1053000,572500,526800,605800,523600,492800,799000,990900,787400,839900,597000,877900,725700,1062000,698200,677300,665000,497700,574500,827100,1483000,1037000,1108000,894400,838300,817500,1161000,937900,1168000,891400,764200,714700,1093000,709100,591000,637800,537500,641300,576500,808600,526700,527200,537500,501200,486300,625300
Intensity_LowerQuartileIntensity_CellMask,558.6,505.6,561.4,403.3,445.8,399.5,570.8,350.1,470.3,495.7,402.5,418.9,444.8,591.8,536.8,539.8,350.6,458.2,373.2,496,604.9,506,586,435.1,455.1,441.2,568.4,339.8,480.9,515,409.3,463.6,499.6,688.5,690.8,712.6,483,572.5,512.9,635.4,557.7,683.4,742.7,495.9,507,610.4,649.1,557.7,683.6,458.7,500.4,499.9,744.6,509.2,604.4,691.6,477.5,492.4,604.1,928.1,777.7,897.2,667.3,771.6,699.1,1024,734.3,908.6,1032,754.1,787.7,1018,609.6,533.4,633.4,407.8,460.3,352.2,481.3,409.2,440.5,503.2,303.5,345.2,364.7,463,386.8,434.3,280.8,384.8,356.8,475.9,309.5,374.6,406.6,359.2,364.9,408.7
Intensity_LowerQuartileIntensity_KRT5,586.4,504.2,493.9,483.4,491.1,485.4,649.2,358.9,414.8,395.1,355.5,360.4,446.2,764,607.2,778.2,397,570,470.2,754.2,641.8,482.9,547.5,481.8,492.3,448.5,609,367.7,398.7,395.3,322.1,389.8,470.3,791.7,776.1,717.3,546.8,627.4,530.6,707.5,696.1,723.4,672.9,487.6,544.4,631,678.4,538.1,648.4,544.9,517.6,575.9,744.4,543.8,522.1,565.1,464.8,432.3,610.8,1028,838.1,881.2,617.3,870.9,717.8,1039,965,993.6,958.9,671.1,761.2,953.5,1034,750.8,860,699.8,696,558.5,804.8,551,751.2,701.3,588.5,578,706.2,418.7,359.5,379.8,347.5,398.5,360.6,486.2,319.4,318.2,324.7,307,308.7,379.2
Intensity_MADIntensity_CellMask,280.5,257.1,265.2,205.8,259.2,289.4,390.5,76.96,119.4,124.8,101.3,123.6,233.8,534,384.6,379.8,268,310.4,325.4,384,328.4,231.2,283.2,294,281.9,328.8,370.8,52.16,96.73,85.56,94.28,123,241.7,386.3,302.1,388.7,240.2,347.2,359.7,394.5,176.9,226.2,220.2,125.6,194.3,361.5,362.9,348.4,404,329,324.3,338.6,498.9,169.8,239.2,338.2,154.7,165,365,250.5,226.7,261,221,271,251.5,398.2,111.4,165.5,166.9,122.6,168.7,283.2,541,483.1,443.8,317.2,321.6,378.4,435,409.5,436.4,382.1,235,235.6,365.5,198.2,167.5,224,125.1,153.6,175.7,282,58.2,107.5,144.8,96.51,95.46,165
Intensity_MADIntensity_KRT5,140.1,114.6,110.9,109.8,136.6,170.9,223.6,40.45,50.83,42.65,40.36,52.38,125.4,311.9,193.3,251.6,141.9,191.4,194.2,296.3,164.9,99.41,124.9,140.1,137.5,155.6,198.6,35.24,38.92,34.35,31.55,51.21,120,221.3,171.7,197.7,122.1,182.1,175.4,218.8,131.2,123.7,108.5,59.35,98.91,189.6,181.5,158.8,184.8,174,153.2,180.3,266.6,112.5,111.4,151.3,69.94,66.07,189.9,137.7,120.7,129.2,96.28,147.8,131.7,210.8,96.99,94.51,87.32,56.9,88.67,139.6,431.2,344.5,308.5,268.9,252.2,300,357.1,285.5,380.8,265.7,240.8,212.2,361.6,86.25,74.91,98.11,64.57,70.68,75.48,149.1,32.86,41.89,55.69,33.21,32.27,80.82
Intensity_MassDisplacement_CellMask,91180,93430,85120,87330,104000,109500,111000,52210,62010,58790,55120,62780,90870,131000,122400,121100,132000,145500,143600,164500,98650,88630,96220,95580,95860,110400,105500,42870,54880,51590,52730,65240,80270,131500,127400,129100,95130,122800,135700,119900,107600,106800,109500,89210,109100,123700,106600,116100,122700,110600,109400,109600,129300,102700,110200,136700,87260,90280,124400,89460,92050,90510,96210,103600,109700,117600,79150,85440,80890,71600,89740,98270,157800,158200,150200,142600,150200,148200,148000,145600,149000,151600,138200,145600,149200,78200,79360,84940,82540,75520,85790,96420,45720,59960,66830,58580,58710,77870
Intensity_MassDisplacement_KRT5,91910,84840,80510,79960,91710,96980,96990,60270,62070,56180,55420,59550,78070,114200,98680,105400,100100,114400,112200,132100,95030,80810,88900,84540,85140,92350,95020,59660,56930,54720,51150,59910,74030,111600,103800,104800,81440,100300,110300,99780,95760,92380,92030,74200,85870,99650,102900,99920,108800,99420,95870,96100,118600,99400,95010,111300,79850,79360,103600,80300,76090,74300,71190,80070,86450,86000,62350,60900,60370,54240,68320,73700,132200,124400,124400,117000,121100,119800,129100,117800,127200,118600,114400,123400,116900,88120,87920,95840,82690,77180,80190,96700,56770,59770,71110,57260,53250,73550
Intensity_MaxIntensityEdge_CellMask,1106,1033,1070,790.1,1035,1042,1487,509,719.8,736.1,608.6,690.2,957.6,1766,1471,1435,1049,1282,1225,1575,1244,986,1194,972.2,1005,1132,1362,448.5,677.2,690.7,584.6,736.3,999.6,1609,1543,1764,1013,1472,1504,1665,1081,1309,1376,818.1,1071,1577,1349,1296,1596,1092,1115,1181,1900,973.2,1246,1613,846.1,895.2,1493,1456,1271,1459,1143,1413,1288,1997,1045,1318,1453,1060,1209,1685,2024,1982,1906,1291,1430,1499,1794,1593,1690,1710,1038,1134,1535,724.4,620.8,763.1,489,622,645.8,967.1,409.5,542.6,620.5,512.5,527.1,674.4
Intensity_MaxIntensityEdge_KRT5,1115,910,870.8,856.7,965.8,1017,1388,561.3,648.7,584.8,542.2,587.9,850,1713,1250,1637,844.6,1237,1075,1779,1216,845.3,1014,891,913.9,914,1233,570.9,600,583.4,464.7,620.4,866.9,1591,1486,1459,985.8,1307,1171,1486,1256,1252,1145,755.8,969.2,1305,1294,1048,1287,1054,956,1117,1598,1042,991.3,1150,780.7,730.1,1242,1610,1340,1385,960.4,1417,1184,1744,1375,1395,1328,917.9,1111,1452,2402,1896,1964,1656,1618,1542,2056,1455,1906,1642,1488,1421,1833,694.3,590.2,654.7,549.5,616.5,573.3,934.1,465.7,462.7,497.3,431.6,431.4,603.1
Intensity_MaxIntensity_CellMask,1841,1592,1753,1409,1529,1678,2185,738.6,1060,1101,951,1036,1571,2680,2044,2048,1422,1663,1645,1912,2009,1474,1803,1737,1652,1781,2112,595.1,921.6,894.2,884.2,1030,1565,2201,1839,2196,1510,1875,1854,2138,1245,1543,1562,1007,1266,2018,2238,1954,2302,1894,1858,1924,2660,1201,1530,1988,1180,1181,2088,1872,1718,1985,1563,1867,1674,2570,1156,1540,1649,1275,1466,2137,2750,2553,2425,1690,1726,2094,2281,2398,2529,2146,1286,1336,2122,1419,1194,1542,996.1,1169,1209,1801,621.5,928.1,1148,933.3,887.7,1232
Intensity_MaxIntensity_KRT5,1250,1015,979.3,977.5,1086,1212,1586,598.1,689.8,629.8,590.9,633.2,1000,2059,1436,1880,962.6,1354,1237,1939,1384,944.9,1147,1074,1080,1094,1459,605.7,635.5,619.8,503,661.3,1002,1752,1553,1565,1082,1400,1268,1616,1305,1290,1176,775.2,1003,1427,1495,1238,1460,1249,1138,1310,1848,1109,1059,1251,830.4,771.2,1398,1702,1457,1507,1054,1538,1292,1932,1413,1440,1362,942.8,1158,1577,2790,2184,2190,1832,1758,1888,2339,1908,2404,1858,1635,1526,2192,848.6,738.5,858.2,664.5,739.3,696.6,1158,530.7,546.1,629.5,501,484.1,733.8
Intensity_MeanIntensityEdge_CellMask,580.6,535.3,577.8,407.2,489.3,455.9,650.2,350.5,477,491.9,403.9,426.4,474.3,747.8,672.4,659.6,469.5,616.5,530.7,731.6,645.6,537.4,631,460,485.2,498.4,641.4,341.8,487,516.8,409,479.1,529.7,835.2,851,902.3,525.2,713.1,679.3,787.1,648.3,796,849.5,533.4,600,763,693.9,643.4,803.6,505,534.6,556.1,890.4,588.1,715.1,871.8,520.5,544.1,730,968.3,822.2,948.6,716.7,848.3,772.7,1161,781.6,972.3,1096,795.5,857.5,1107,900.6,860.6,883.8,570,651.5,575.7,736.2,637,696.4,737,437,506.2,576.9,428.4,360.5,407.4,273.2,368.7,348,469.8,302.9,362.8,387.3,350.3,358.1,394.5
Intensity_MeanIntensityEdge_KRT5,632.1,540.5,522.6,496.2,531.8,533.2,717.4,386.2,444.7,414.1,377,384.9,474.5,871.4,687.8,883.7,462.4,685.5,561.8,946.6,695.7,517.9,599,501.4,520.7,489.2,669.6,403.3,428.4,425.1,337.8,419.1,502.6,914.8,908,841.6,587.8,728.9,631.1,821.5,800.6,830,761.9,530,619.2,730.1,734.3,599.8,739.2,579.5,545.9,623.7,844.6,637.8,608.1,675.8,514.6,481,689.5,1110,900.7,944.5,654.6,937.5,779.6,1124,1043,1063,1027,715.8,826.9,1020,1284,973.4,1056,847.2,859.8,730.6,1006,694.2,950.2,862.6,725,730,875.4,425.8,362.9,383.2,348,404.5,363.7,507.2,334.5,325.6,328.7,315.3,319.3,380.8
Intensity_MeanIntensity_CellMask,882.7,796.5,867.2,644.4,742.8,749.5,1030,439.4,610.5,640.5,525.9,563.4,732.3,1229,998.6,990.4,679.5,827.4,775.7,962.6,981,769.3,913.6,783.3,782.6,827.9,1014,398.8,589.2,607.3,520.1,603.8,785.7,1142,1051,1185,762,974,941.8,1099,767,942.6,994.5,632.2,730.7,1046,1063,970.1,1158,840.9,874.6,896.1,1324,705,875.5,1090,653,677,1032,1195,1032,1191,913.4,1077,983.6,1479,851.4,1085,1210,887.6,975.9,1334,1304,1199,1214,800.6,854.2,877.4,1054,1038,1084,1014,599.8,643.6,879.2,692.8,581.3,702,434.7,566.6,563.1,805.5,379.9,503.5,583.4,482.6,480.4,605.3
Intensity_MeanIntensity_KRT5,750.6,636.8,621.2,610.6,657.1,693.2,922.6,405.7,473.7,445.2,403.6,421.7,596.3,1155,843.6,1084,570.6,803,708,1129,834.8,597.3,695.2,646.5,654.4,634.8,857.5,410.8,444.5,436.1,358,450.9,613.6,1064,984.7,957.7,688.9,849.4,745.4,982.2,850.4,868,795.6,553.9,662.7,867.4,886.2,730.3,872.3,748.1,696.2,787.7,1071,675.7,652.5,746.1,544.5,510.4,838.6,1180,974.2,1027,725.3,1046,868.6,1286,1069,1096,1053,732.1,861.6,1114,1604,1201,1257,1037,1009,962.6,1279,942.1,1258,1035,886.6,843.3,1178,514,440.6,488.4,418.3,475.4,444.3,660,356.4,364.2,386.6,342.9,343.7,466.9
Intensity_MedianIntensity_CellMask,830.4,757.5,819.5,599.1,711.9,683,969.6,420.5,579.4,612,492.4,535.8,669.4,1150,949.1,942.3,632.7,791.6,721.7,930.6,929.1,734.2,870.4,716,730.9,768.5,947.5,387.4,571.6,595.8,493.9,583.9,735.8,1125,1047,1177,723.8,960.4,916.5,1065,777.3,947.6,1013,638.8,735.1,1021,1009,919.9,1118,783.6,829.8,842.4,1288,700.1,863.4,1083,629.8,665,992.1,1190,1010,1164,894.2,1061,979.4,1460,865.5,1096,1225,886.4,979.2,1323,1224,1100,1158,758.8,829.8,754,982.1,880.2,913.6,944.2,559.7,611.7,749.2,634.8,532.7,628.9,390.6,521.5,513.4,727.4,360.4,467.7,531.6,440.3,448.2,554.6
Intensity_MedianIntensity_KRT5,763.8,649.8,634.1,627,675.4,697.1,940.2,402.4,471.6,445.4,401.9,422.1,599.4,1192,860.2,1108,581.8,828,723.9,1176,852.5,604.2,697.5,660.9,665.9,638.9,875.3,404.8,443.4,432.7,357.4,452.1,622.1,1096,1002,978.6,700,876.7,757.3,1005,856.7,875.9,802,560.8,672.4,886.9,909.2,735.6,886.9,772.1,713,803.6,1103,671.2,651.7,750.8,545.3,511.5,860.6,1189,977.6,1031,733.8,1066,881.7,1310,1078,1107,1062,734.9,871.1,1128,1642,1200,1268,1061,1034,939.9,1298,885.8,1208,1029,892.9,853.2,1169,515.6,440.6,482.7,424.2,479.7,450.8,662.2,352.5,361.3,381.1,341.1,341.7,471.7
Intensity_MinIntensityEdge_CellMask,265.2,244.3,265.9,198.8,203.7,190.5,232.9,238.6,307.4,311.6,271.8,264.9,226.7,222.8,235.7,230.9,173,222.2,171.9,223.6,281.7,256.4,280.4,197,212.7,199.2,254,253.9,333,359.2,280.2,294.5,266.4,313,357.4,328.2,241.3,260,219.6,294.2,314,403.6,423.3,298.4,280.4,283.2,284.1,261.2,300.2,196.7,221.4,227,297.1,304,338.9,353.5,286,294.2,282.7,570,463.6,555,397.5,437.9,390.4,546,527.8,642.3,749.2,553.4,550.9,644.8,255,248.4,270.4,178.4,205.1,162.7,192.1,178.8,204.2,222.3,155.2,172.5,169.4,235.5,195.7,202.5,156.5,212.4,187.3,211.5,228.2,244.6,239,242.6,249.2,234.1
Intensity_MinIntensityEdge_KRT5,330.3,301.6,292.1,276.6,274.9,276.5,333,270.8,307.1,290.7,269.7,261.3,264.9,369,332,399,234.3,319,256.3,390.1,358.8,301.6,329.9,273,285.1,262.6,331.2,292.8,309.3,312.9,250.4,280.8,290.6,428.1,473.6,410.2,326.8,349.1,292.1,399.9,452,501.6,455.3,340.9,364.1,357.2,365,320.2,367.4,292.3,294.7,326.4,379.6,368.4,354.4,356.1,327.3,310.2,343.5,706.4,561.4,608.4,419.9,567,468.8,645.3,738,754.9,753.4,536.3,583,667.4,515,404.3,447.8,345.9,367.4,294.8,377.6,285,386.4,373.4,307,311.3,355.5,254,221.1,224.3,215,259.6,231.2,265.8,249.8,237.5,228.9,236,242.4,238.3
Intensity_MinIntensity_CellMask,264.4,243.2,265,198.4,203.3,190.2,232.4,237.1,304.6,309.6,269.7,262.9,225.8,222.5,235.4,230.6,172.8,222,171.8,223.3,281.2,255.5,279.5,196.6,212.2,198.6,253.2,251.4,329.9,355.9,278,292.2,265.1,312.6,355.9,327.7,240.5,259.6,219.1,293.2,312.6,400.8,420.4,296.9,279,282.3,283.4,260.1,299.4,196.4,220.9,226.4,296,301.8,336,351.7,283.1,291,281.1,568.2,461.5,553.1,396,436.5,389.2,544.7,525.6,639.6,746.1,550.1,548.5,642.5,254.6,248.4,269.8,178.2,204.7,162.4,191.9,178.3,204,221.8,155.1,172,169.2,235,195.2,202.1,156.1,211.8,186.8,211,227.1,243.5,238.4,241.4,247.5,233.6
Intensity_MinIntensity_KRT5,329.4,300.3,291.4,276,274.5,275.8,332.4,268.5,304.7,289,267.4,259.6,264.1,368.8,331.2,397.9,234,318.6,256,389.1,358.2,300.5,329.1,272.6,284.5,262.2,330.5,290,307.1,310.4,248.7,279,289.7,427.1,471,409.1,326,348.3,291.2,398.7,448.6,497.7,451.9,338.8,361.5,356.5,364.4,318.5,366.4,292,294,325.6,378.2,366.6,352.6,355.2,325.2,308.3,342.5,703.6,558.7,606,418.4,564.9,466.2,643.6,731.2,749,748.2,532.4,578.4,664.6,514.4,403.4,446.6,345.8,367,294.6,377.2,285,386,372.2,306.8,310.8,355.3,253.2,220.3,223.8,214.6,258.6,230.4,265,247.5,236.2,228.3,234.8,240.6,237.7
Intensity_StdIntensityEdge_CellMask,250.8,234.7,237.1,172.9,251,257.4,382.6,73.81,111.9,117.8,89.92,118.1,213.5,503.2,397.9,385.7,290.5,355.9,356.3,472.6,290.8,216.3,274.9,230.4,236.5,284,343.9,51.07,93.27,89.42,81.42,127.1,216.9,426.7,393.3,479.4,232.2,393.6,425.3,440.2,249,289.5,308,158.9,250.8,418,326.3,327.2,412.2,275,271.8,292.1,515.7,207.6,282.2,410.8,161,177.6,382.3,264.4,241.3,271,226.7,303.5,283.7,461.4,158,208.2,216.9,149.5,206.7,323.2,610.6,607.2,559.6,367.2,405.4,447.2,537.1,484.1,512.7,495.2,285.2,313.8,447.8,137.1,118.6,155.8,92.18,113,128.3,213.5,46.55,79.74,104.2,70.78,72.94,123.5
Intensity_StdIntensityEdge_KRT5,234.8,179,170.4,169.4,208.5,225.7,325.2,80.03,95.57,81.78,74.83,91.38,172.5,431.4,286.2,386.2,198.4,301.2,269.3,470.4,258.2,158.1,203.9,182.5,188,195.4,280,76.02,79.57,73.69,57.93,98.64,169.6,373.4,319.3,333.4,196.7,300.2,282.5,346.6,247.1,229.5,210.3,123.2,184.5,299.3,281.2,219.4,285.1,231.3,198,239.4,382.5,200.5,188.9,245.1,128.6,121.3,276.8,265.6,222.4,224,157.3,255.2,217.5,336.6,188.2,187.1,167.6,107.8,158.1,233.9,646.6,504.4,501.5,422.4,406,413.2,553.5,378.7,507.2,411.9,370.7,353,484.7,123.2,101.3,118.7,94.2,99.35,96.43,194.8,54.99,58.29,70,51.29,49.31,104.1
Intensity_StdIntensity_CellMask,392.9,348.3,375.6,294.1,345.6,398.5,531,115.6,179.4,187.8,158.2,181.6,345.7,705.8,517.4,508.8,363.4,411.3,438.5,507.3,446.7,317,395.5,406.5,380.5,435.4,513.1,77.12,139.5,123.4,141.6,176.9,339.1,519.4,416.7,535.3,331.2,451.2,477,521.2,251,305.7,307.2,171.8,261.7,493,498,472,548.5,442.3,430.9,452.5,662.2,233.3,319.5,456.6,217.3,222.4,491.6,331,317.7,362.1,298,367.1,338,540.8,151.5,220.9,224.5,169.8,228.6,383.6,754.5,721.2,651.2,435.2,437.2,580,630.3,707.2,722.4,575.6,325.3,331.5,579.4,291.7,246.9,336.5,194.9,229,252.7,403.4,90.8,162.6,225,159.3,147,244.3
Intensity_StdIntensity_KRT5,215.4,170.1,164.4,165.4,202.8,243.7,328.9,67.03,82.07,71.96,66.48,81.62,183.6,449.7,282.5,373,196.3,272.2,268,427.4,246.7,149.4,192.7,198.9,198.8,215.4,294.8,61.6,65.36,59.76,50.77,84.4,174.6,339.2,266.5,296,183.6,267.8,257.4,324,204.2,187.6,169,96.38,152.9,282.4,268.8,230.8,274.9,243.2,213.5,252.7,387.3,170.5,165.1,220.3,108.3,103.2,271.9,217.8,193.7,200.7,145.7,229.9,197.6,315.6,149.9,151,133.7,86.88,133.2,212.9,647.8,505.6,474.2,397.8,368.2,450.2,551.2,454,579,399.4,346.2,314.6,528.5,130.8,111.9,142.8,97.79,104,107.5,216.4,52.2,62.22,82.17,50.4,48.12,114.2
Intensity_UpperQuartileIntensity_CellMask,1180,1066,1144,850.2,1019,1069,1461,524,742.5,778.3,638.4,694.7,990.9,1821,1437,1414,988.8,1176,1157,1412,1327,1017,1218,1094,1084,1190,1435,456.9,695.6,700.6,622.5,736.6,1050,1574,1406,1644,1023,1357,1361,1545,977.2,1198,1250,767.3,947.7,1464,1439,1358,1604,1176,1214,1257,1877,894.5,1140,1474,815.3,850.8,1427,1461,1280,1474,1148,1376,1264,1922,974.1,1264,1392,1018,1159,1645,1972,1838,1788,1172,1228,1370,1598,1656,1708,1496,874.2,919.3,1354,902.1,756.8,939.2,561.6,729.8,748.1,1106,443.3,619.3,739.6,590.4,582.9,779.9
Intensity_UpperQuartileIntensity_KRT5,907.9,767.2,746,735.9,815.3,890.3,1190,448.6,529.9,495,448.7,479.4,743.5,1528,1074,1379,736.2,1023,934.4,1479,1021,710,837.3,807.2,812,812.3,1098,447,485.2,472.1,391.5,509.3,751.3,1329,1187,1191,830.5,1060,952.7,1247,1001,1006,917.3,621.1,777.4,1097,1087,915.6,1089,946.4,871.4,994.6,1388,796.8,776,915.9,619.7,583.2,1058,1333,1112,1174,836.1,1222,1022,1538,1177,1204,1150,794.2,962.3,1278,2154,1633,1642,1359,1302,1348,1733,1327,1766,1352,1161,1084,1638,607.2,520.2,594.6,490.2,552.1,527.1,830.1,389.1,407.7,444.3,377.2,377,555.3
AreaShape_Area,350.5,322.8,325.1,313.1,336.7,308.6,316.7,423.3,403.5,410,431.1,404,345.5,297.2,299,280.9,290.4,285.4,286.8,304.4,325.7,324.4,311,287.4,319,307.6,318.4,406,376.4,392.6,398.2,363.9,354.2,299.6,293,288,313,287.1,289.9,308.8,308.6,313.3,304.2,331.7,308.9,295.3,317.3,298.8,280.2,270.1,300.9,304.1,297.8,308.7,293.5,292,315.6,310.1,285.9,297.5,275.2,283.2,275.7,277.2,279.6,282.5,261.6,251.2,258.7,269,253,266.4,299.2,289.6,280.2,257.1,276.6,248.2,300.3,307.2,285.8,261.2,256.2,286.5,261.2,405.7,381.4,356.5,359.2,404,366.5,352.7,468.5,453.6,412.2,454.8,444.7,413.1
AreaShape_Compactness,1.069,1.067,1.064,1.058,1.064,1.068,1.076,1.078,1.07,1.076,1.074,1.072,1.076,1.08,1.079,1.078,1.085,1.09,1.092,1.102,1.076,1.079,1.077,1.072,1.077,1.069,1.082,1.068,1.074,1.072,1.067,1.07,1.076,1.086,1.09,1.094,1.082,1.09,1.08,1.1,1.097,1.089,1.095,1.074,1.08,1.099,1.077,1.078,1.084,1.068,1.064,1.065,1.116,1.117,1.114,1.143,1.095,1.092,1.097,1.065,1.069,1.069,1.067,1.074,1.068,1.086,1.066,1.06,1.064,1.063,1.061,1.067,1.112,1.112,1.114,1.098,1.1,1.11,1.126,1.138,1.112,1.102,1.106,1.136,1.114,1.07,1.074,1.087,1.073,1.062,1.065,1.084,1.09,1.091,1.105,1.089,1.089,1.075
AreaShape_Eccentricity,0.6331,0.6417,0.6422,0.6173,0.6164,0.6272,0.6414,0.6637,0.6472,0.6578,0.6536,0.6475,0.6524,0.6426,0.6434,0.642,0.642,0.6464,0.6466,0.6502,0.6482,0.6591,0.6549,0.6566,0.6521,0.6379,0.6541,0.6448,0.6552,0.6483,0.6462,0.6486,0.6534,0.6478,0.656,0.6648,0.6618,0.6642,0.6391,0.6728,0.66,0.6537,0.6561,0.6407,0.6441,0.6645,0.648,0.6499,0.654,0.6394,0.6256,0.6185,0.6629,0.69,0.6907,0.715,0.6809,0.6707,0.6684,0.6196,0.6291,0.6285,0.6251,0.6292,0.6119,0.6354,0.6058,0.6018,0.6131,0.6053,0.6049,0.612,0.6559,0.6597,0.6761,0.6666,0.6498,0.6639,0.6777,0.6596,0.6388,0.6599,0.6673,0.6845,0.6683,0.66,0.668,0.687,0.6589,0.6381,0.6302,0.6656,0.6837,0.687,0.7074,0.6845,0.684,0.654
AreaShape_Extent,0.7485,0.7524,0.7555,0.7592,0.7534,0.7569,0.7492,0.7491,0.7538,0.749,0.7502,0.7522,0.7517,0.7407,0.7425,0.7433,0.7347,0.73,0.7322,0.7217,0.7458,0.7457,0.7477,0.7545,0.7494,0.7533,0.7478,0.7503,0.7499,0.7491,0.7521,0.7489,0.7504,0.7352,0.7357,0.7358,0.7474,0.7422,0.7393,0.7374,0.7324,0.7348,0.7348,0.7476,0.7388,0.7346,0.7471,0.7481,0.7439,0.7562,0.7576,0.755,0.7283,0.7202,0.7216,0.7098,0.7363,0.7363,0.7353,0.7451,0.7463,0.7455,0.7482,0.7452,0.7483,0.7396,0.745,0.7494,0.7468,0.7474,0.7501,0.7469,0.7192,0.7166,0.7284,0.7386,0.7289,0.7252,0.7166,0.7047,0.7179,0.7302,0.7335,0.7142,0.726,0.7518,0.7515,0.7499,0.7531,0.7551,0.7522,0.7481,0.7411,0.7421,0.7384,0.7434,0.7419,0.7504
AreaShape_FormFactor,0.8617,0.8637,0.8672,0.8758,0.8651,0.863,0.8578,0.8573,0.8647,0.8596,0.8607,0.8625,0.8623,0.8415,0.8419,0.8455,0.8314,0.8195,0.8225,0.801,0.8537,0.8542,0.8561,0.8651,0.8593,0.863,0.8529,0.8612,0.8589,0.8593,0.8644,0.8606,0.8597,0.8338,0.831,0.8281,0.8544,0.8388,0.8404,0.8334,0.8256,0.8318,0.8334,0.8522,0.8412,0.8312,0.8537,0.8516,0.845,0.8676,0.8709,0.8674,0.82,0.8032,0.8055,0.7862,0.8373,0.8387,0.8329,0.8534,0.8564,0.8533,0.8558,0.8502,0.8558,0.8357,0.846,0.8547,0.8501,0.8536,0.8555,0.8503,0.8004,0.7959,0.8099,0.8337,0.8154,0.8104,0.7912,0.7774,0.7983,0.8192,0.8266,0.7876,0.8117,0.8645,0.8643,0.8578,0.8666,0.8699,0.8659,0.8558,0.8442,0.8456,0.8414,0.8482,0.8483,0.86
AreaShape_MajorAxisLength,24.5,23.54,23.56,22.87,23.72,22.79,23.41,27.31,26.44,26.79,27.37,26.44,24.51,22.78,22.86,22.13,22.56,22.48,22.53,23.31,23.81,23.89,23.3,22.34,23.58,22.86,23.58,26.41,25.59,26.07,26.14,25.03,24.77,23.02,22.83,22.8,23.53,22.69,22.47,23.68,23.62,23.59,23.44,24.02,23.28,23.14,23.46,22.71,22.22,21.44,22.46,22.51,23.2,24.05,23.43,23.96,23.96,23.64,22.77,22.42,21.7,21.99,21.64,21.84,21.75,22.23,21.04,20.51,20.93,21.29,20.59,21.23,23.28,22.92,22.86,21.69,22.26,21.3,23.57,23.9,22.66,21.78,21.76,23.35,21.92,26.66,25.99,25.42,25.07,26.12,24.83,24.91,29.15,28.7,27.84,28.7,28.37,26.77
AreaShape_MaxFeretDiameter,24,23.01,23.06,22.37,23.22,22.27,22.88,26.78,25.9,26.25,26.84,25.89,23.96,22.26,22.34,21.63,22.07,21.99,22.02,22.88,23.28,23.3,22.74,21.75,23,22.3,23.02,25.9,25.04,25.55,25.6,24.47,24.22,22.52,22.34,22.28,22.94,22.13,21.96,23.1,23.13,23.08,22.92,23.53,22.79,22.6,22.93,22.19,21.68,20.89,21.91,21.98,22.65,23.58,22.92,23.46,23.39,23.1,22.22,21.94,21.17,21.47,21.13,21.32,21.21,21.7,20.58,20.04,20.46,20.8,20.1,20.74,22.84,22.53,22.31,21.1,21.8,20.74,23.12,23.4,22.18,21.35,21.18,22.84,21.39,26.13,25.45,24.83,24.52,25.64,24.35,24.39,28.63,28.15,27.25,28.15,27.84,26.27
AreaShape_MaximumRadius,8.91,8.554,8.599,8.542,8.778,8.314,8.388,9.674,9.545,9.563,9.787,9.498,8.747,8.046,8.079,7.864,7.9,7.748,7.767,7.864,8.489,8.437,8.279,7.984,8.412,8.296,8.317,9.585,9.16,9.38,9.481,9.013,8.837,8.054,7.918,7.806,8.273,7.828,7.945,8.061,8.118,8.196,8.085,8.613,8.229,7.88,8.377,8.07,7.794,7.798,8.281,8.295,7.835,7.885,7.699,7.51,8.181,8.138,7.773,8.207,7.884,7.997,7.891,7.85,7.949,7.797,7.66,7.58,7.65,7.818,7.575,7.745,7.733,7.563,7.546,7.373,7.552,7.107,7.594,7.645,7.53,7.401,7.329,7.453,7.275,9.549,9.228,8.799,8.984,9.601,9.164,8.762,10.04,9.858,9.27,9.909,9.77,9.576
AreaShape_MeanRadius,3.607,3.485,3.503,3.464,3.546,3.393,3.423,3.91,3.85,3.861,3.945,3.836,3.566,3.304,3.315,3.233,3.243,3.188,3.198,3.228,3.467,3.456,3.399,3.294,3.438,3.389,3.41,3.857,3.713,3.788,3.822,3.658,3.598,3.3,3.255,3.223,3.4,3.237,3.264,3.32,3.326,3.357,3.322,3.504,3.366,3.257,3.423,3.314,3.215,3.209,3.375,3.376,3.231,3.26,3.193,3.137,3.375,3.35,3.212,3.34,3.23,3.27,3.232,3.222,3.248,3.206,3.14,3.111,3.14,3.197,3.111,3.171,3.184,3.126,3.136,3.076,3.122,2.97,3.147,3.144,3.109,3.069,3.054,3.094,3.032,3.86,3.751,3.609,3.651,3.857,3.69,3.574,4.053,3.992,3.798,4.005,3.957,3.862
AreaShape_MedianRadius,3.208,3.107,3.125,3.091,3.164,3.034,3.061,3.507,3.444,3.46,3.536,3.434,3.195,2.958,2.976,2.902,2.91,2.872,2.871,2.895,3.098,3.09,3.041,2.961,3.085,3.033,3.054,3.446,3.322,3.382,3.418,3.268,3.223,2.956,2.921,2.907,3.048,2.913,2.932,2.976,2.986,3.01,2.98,3.127,3.011,2.931,3.063,2.968,2.885,2.875,3.011,3.022,2.911,2.936,2.884,2.832,3.036,3.013,2.89,2.995,2.902,2.934,2.896,2.898,2.913,2.887,2.836,2.821,2.84,2.893,2.814,2.861,2.876,2.821,2.839,2.77,2.816,2.675,2.831,2.842,2.8,2.763,2.752,2.792,2.73,3.449,3.352,3.226,3.256,3.449,3.29,3.202,3.648,3.588,3.413,3.597,3.558,3.458
AreaShape_MinFeretDiameter,17.43,16.65,16.72,16.54,17.13,16.18,16.34,18.89,18.59,18.64,19.12,18.54,16.99,15.93,15.99,15.46,15.74,15.6,15.62,16.1,16.63,16.47,16.17,15.43,16.34,16.16,16.24,18.75,17.9,18.36,18.51,17.61,17.25,15.98,15.72,15.5,16.14,15.4,15.7,15.87,16.1,16.27,15.97,16.88,16.22,15.56,16.38,15.81,15.3,15.1,16.02,16.12,15.6,15.81,15.44,15.12,16.05,15.98,15.28,16.18,15.43,15.69,15.46,15.43,15.63,15.47,15.11,14.88,15.03,15.38,14.85,15.24,15.88,15.56,15.16,14.48,15.22,14.26,15.66,15.93,15.5,14.68,14.44,15.14,14.58,18.6,17.9,17.05,17.4,18.71,17.88,17.02,19.74,19.33,18.07,19.42,19.18,18.7
AreaShape_MinorAxisLength,18.16,17.41,17.47,17.31,17.9,16.97,17.08,19.62,19.33,19.37,19.87,19.29,17.75,16.65,16.7,16.19,16.41,16.23,16.27,16.65,17.36,17.22,16.92,16.21,17.1,16.94,16.97,19.49,18.63,19.09,19.25,18.36,17.99,16.62,16.37,16.16,16.88,16.1,16.4,16.56,16.73,16.92,16.63,17.6,16.91,16.25,17.12,16.55,16.01,15.87,16.81,16.89,16.24,16.38,16.03,15.67,16.74,16.67,15.96,16.88,16.16,16.41,16.2,16.16,16.36,16.15,15.83,15.61,15.74,16.1,15.61,15.96,16.44,16.1,15.76,15.18,15.84,14.92,16.17,16.42,16.1,15.33,15.1,15.66,15.21,19.34,18.65,17.79,18.15,19.46,18.62,17.74,20.4,20.02,18.77,20.1,19.85,19.43
AreaShape_Orientation,0.4736,2.374,-0.3722,-2.396,0.2238,-3.154,1.43,0.7563,-0.4333,2.959,3.001,-0.5935,-0.1418,-0.2257,1.655,-1.544,-0.824,-1.53,-0.8072,-1.672,2.675,0.6088,1.332,-0.5073,1.452,1.676,1.043,1.98,4.145,0.2958,-5.156,1.315,1.235,-0.3955,0.9482,2.835,-1.167,0.2505,2.499,0.5626,-2.295,1.153,3.952,0.06172,1.211,0.7009,-2.265,-1.61,-2.03,1.146,1.338,-1.41,3.532,-0.8372,1.886,1.528,1.815,0.6543,-1.624,0.3273,1.99,0.283,-0.3664,-0.6063,-0.8523,-2.578,-1.513,-1.264,0.814,-0.07178,-0.1182,-0.3236,-0.395,1.8,-1.569,0.2335,-3.988,0.5954,1.522,-3.614,-5.22,1.177,0.818,0.1055,2.104,0.9858,-0.5861,-3.286,3.004,-1.66,2.103,-0.573,0.3719,-1.03,0.8396,-0.1313,-0.7958,1.417
AreaShape_Perimeter,70.92,67.99,68.01,66.41,69.16,66.13,67.41,78.02,75.93,76.68,78.51,75.93,70.13,66.22,66.43,64.22,65.84,65.86,65.87,68.76,68.61,68.45,66.89,63.89,67.59,66.15,67.58,76.28,73.5,75.1,75.33,72.11,71.06,66.81,66.16,65.8,67.28,65.18,65.33,67.68,68.21,68.33,67.41,69.49,67.48,66.36,67.67,65.61,64.05,61.87,65.03,65.39,66.9,69.04,67.32,68.05,68.22,67.61,65.21,65.75,63.15,64.17,63.2,63.59,63.66,64.78,62.03,60.49,61.52,62.61,60.57,62.35,68.31,67.34,65.75,61.98,64.97,61.76,68.45,70.15,66.7,62.9,62.12,67.4,63.19,76.31,73.97,71.69,71.57,75.53,72.19,70.9,82.76,81.33,77.75,81.35,80.41,76.79
AreaShape_Solidity,0.9426,0.9427,0.9436,0.9434,0.9413,0.9404,0.9406,0.9471,0.9472,0.947,0.9469,0.9462,0.944,0.9345,0.9352,0.9351,0.9308,0.9268,0.9277,0.9219,0.9406,0.9416,0.9407,0.9415,0.9419,0.9401,0.9396,0.9462,0.9449,0.9455,0.946,0.9437,0.9432,0.9329,0.9318,0.9317,0.941,0.9343,0.9339,0.9355,0.9327,0.9337,0.935,0.9406,0.9363,0.9343,0.9398,0.9384,0.9349,0.9391,0.9418,0.9407,0.9271,0.9276,0.9271,0.9253,0.9381,0.9373,0.9333,0.936,0.9366,0.9359,0.9355,0.9353,0.9352,0.931,0.9314,0.9328,0.9326,0.9337,0.933,0.9327,0.922,0.9203,0.927,0.9325,0.9248,0.9236,0.9195,0.9142,0.9194,0.9292,0.9312,0.9194,0.9252,0.947,0.9471,0.9453,0.9459,0.9469,0.9442,0.9442,0.9468,0.9468,0.9463,0.9471,0.9468,0.9463
Normalized_First_Neighbor_Dist,0.7546,0.7124,0.6648,0.8934,0.8347,0.7928,0.6358,0.9604,0.9787,0.9059,1.014,0.9522,0.8066,0.5551,0.4864,0.4561,0.5682,0.4918,0.5041,0.4802,0.7128,0.711,0.6457,0.8261,0.7762,0.84,0.6072,1.096,0.9391,0.9897,1.053,0.9216,0.8701,0.5384,0.4972,0.4534,0.6532,0.4983,0.5346,0.4704,0.5869,0.5941,0.5237,0.6903,0.6193,0.5484,0.7409,0.6886,0.5968,0.7965,0.8492,0.8631,0.5632,0.6578,0.66,0.534,0.7266,0.7808,0.6352,0.5821,0.5123,0.4833,0.5656,0.5424,0.6042,0.3925,0.5468,0.5437,0.4982,0.5711,0.5871,0.5148,0.495,0.4471,0.449,0.4662,0.5047,0.5598,0.4951,0.6278,0.6504,0.4146,0.431,0.4764,0.5589,1.092,1.014,1.034,1.017,1.079,0.9941,0.791,1.196,1.163,1.136,1.152,1.158,1.005
Normalized_Second_Neighbor_Dist,1.098,1.095,0.9814,1.268,1.294,1.196,1.003,1.273,1.304,1.219,1.334,1.3,1.188,1.017,0.9469,0.8922,1.026,0.8682,0.9553,0.8279,1.028,1.012,0.9331,1.268,1.204,1.258,0.9233,1.358,1.172,1.233,1.339,1.191,1.208,0.8302,0.7474,0.7084,0.989,0.8183,0.893,0.7878,0.7895,0.865,0.7387,0.9472,0.8913,0.86,1.089,1.105,0.8816,1.198,1.223,1.268,0.9176,0.8989,0.9275,0.761,1.014,1.07,0.982,0.7772,0.6813,0.7498,0.7905,0.7824,0.8772,0.7244,0.6816,0.6631,0.7097,0.8004,0.7547,0.7052,0.8302,0.8522,0.7926,0.8392,0.818,1.12,1.1,1.06,1.089,0.7647,0.9867,0.9104,1.034,1.439,1.402,1.436,1.424,1.473,1.398,1.192,1.594,1.565,1.532,1.524,1.539,1.427
Normalized_Third_Neighbor_Dist,1.382,1.397,1.268,1.574,1.587,1.614,1.343,1.556,1.568,1.484,1.609,1.609,1.503,1.46,1.272,1.247,1.435,1.198,1.356,1.16,1.286,1.246,1.185,1.62,1.554,1.664,1.218,1.598,1.397,1.467,1.611,1.442,1.501,1.109,0.9791,1.021,1.289,1.133,1.268,1.061,1.02,1.067,0.9753,1.174,1.198,1.175,1.4,1.402,1.139,1.524,1.529,1.589,1.161,1.145,1.141,0.9817,1.236,1.315,1.317,0.935,0.8709,0.8904,1.001,1.035,1.084,0.9668,0.8439,0.8018,0.8244,0.9329,0.9099,0.9074,1.224,1.246,1.128,1.154,1.118,1.55,1.47,1.543,1.546,1.198,1.322,1.306,1.468,1.76,1.719,1.757,1.777,1.835,1.836,1.574,1.906,1.874,1.858,1.836,1.872,1.777
Normalized_Fourth_Neighbor_Dist,1.77,2.049,2.054,2.131,2.542,2.438,2.304,1.86,1.89,1.841,1.945,2.045,2.229,2.932,2.45,2.486,2.71,1.933,2.647,2.26,1.709,1.659,1.644,2.41,2.328,2.236,1.838,1.846,1.82,1.694,1.908,1.722,1.967,1.608,1.679,1.744,2.015,2.063,2.047,1.917,1.435,1.481,1.401,1.477,1.767,1.821,1.931,2.136,1.503,2.412,2.091,2.029,2.256,1.42,2.327,1.546,1.529,1.757,2.243,1.25,1.165,1.584,1.561,1.534,1.339,1.53,1.061,1.018,1.16,1.276,1.503,1.682,2.608,3.006,2.105,2.416,1.918,3.407,2.495,3.385,3.226,2.617,2.288,2.578,3.188,2.185,2.239,2.382,2.823,2.401,2.724,3.259,2.183,2.16,2.205,2.215,2.277,2.446
Number_Neighbors,6.153,5.866,5.913,4.056,4.053,3.864,3.67,7.963,9.895,8.344,8.213,7.308,4.601,3.018,4.512,4.372,4.017,6.179,4.006,4.856,6.896,8.867,7.756,5,5.33,4.962,5.719,15.13,16.91,15.64,12.58,13.04,8.579,7.39,11.52,7.65,6.852,6.9,6.032,6.764,11.52,14.57,13,12.18,10.71,7.133,6.942,7.168,8.123,3.906,4.874,5.667,4.94,15.12,17.5,11.72,14.11,13.55,6.948,14.89,14.5,13.92,13.83,12.1,12.26,10.56,27.17,27.77,29.99,28.2,24.74,19.29,4.94,3.831,5.938,4.788,5.646,2.686,3.215,2.665,3.595,5.045,3.738,4.69,2.614,3.942,3.802,3.284,2.889,4.126,3.003,2.144,6.277,5.656,4.597,5.962,6.753,3.329
Mean_Cells_per_Cluster,3.579,3.588,3.742,2.38,2.605,2.51,2.527,4.78,5.92,4.894,4.795,4.356,2.91,2.417,3.089,3.134,2.628,3.677,2.73,3.235,4.212,5.149,4.626,3.001,3.284,3.144,3.328,9.847,9.96,9.814,7.51,8.051,5.321,4.229,7.16,4.782,3.856,4.107,3.899,4.497,7.586,7.697,8.765,8.344,7.06,4.426,3.836,4.198,4.341,2.342,2.866,3.4,3.208,7.442,10.28,6.675,7.418,7.916,4.264,7.593,7.271,8.173,6.839,6.309,6.446,6.426,17.57,17.16,19.74,14.7,16.9,10.56,3.012,2.926,3.969,3.074,3.829,2.324,2.958,2.186,2.488,3.724,2.891,3.324,2.266,1.994,2.137,1.826,1.902,2.352,2.127,1.682,3.197,3.001,2.326,3.196,3.954,2.017
Proportion_in_large_cluster,0.3185,0.2664,0.3417,0.1236,0.1226,0.1023,0.1787,0.389,0.4537,0.4534,0.3914,0.3563,0.197,0.08025,0.1912,0.2078,0.1586,0.2754,0.1371,0.2152,0.3862,0.4827,0.3929,0.1798,0.232,0.2105,0.2417,0.7657,0.7338,0.764,0.5841,0.6108,0.4412,0.3677,0.575,0.3507,0.3445,0.3409,0.3019,0.3554,0.6505,0.701,0.6521,0.6862,0.5449,0.3714,0.4082,0.3886,0.4143,0.1835,0.2208,0.2484,0.2906,0.7222,0.733,0.6246,0.6923,0.6985,0.3668,0.7511,0.7269,0.7228,0.6466,0.6219,0.5747,0.5197,0.9086,0.9051,0.9062,0.8988,0.8363,0.7157,0.1994,0.1831,0.2919,0.1518,0.2535,0.0883,0.1294,0.1107,0.1658,0.2592,0.1509,0.1858,0.06819,0.08027,0.05693,0.08361,0.03361,0.1044,0.07622,0.03195,0.1976,0.2145,0.08978,0.2113,0.2872,0.05669
G2m_Proportion,0.2271,0.1768,0.2239,0.1987,0.228,0.1549,0.1859,0.1571,0.1736,0.1642,0.1931,0.1815,0.1452,0.2362,0.2735,0.2737,0.2301,0.2316,0.2575,0.2732,0.2683,0.3291,0.3057,0.2656,0.3175,0.2634,0.3076,0.2457,0.2753,0.2596,0.2866,0.3038,0.2874,0.2273,0.2474,0.2503,0.266,0.2305,0.2318,0.2255,0.1663,0.2066,0.1278,0.09487,0.1446,0.2122,0.3131,0.3204,0.315,0.2409,0.2304,0.2586,0.2378,0.2476,0.2394,0.2824,0.1979,0.1616,0.2105,0.2504,0.2908,0.313,0.2669,0.2621,0.2276,0.2818,0.1526,0.1414,0.1645,0.1706,0.1704,0.2317,0.1586,0.2242,0.165,0.126,0.1566,0.2073,0.2306,0.1875,0.1951,0.1092,0.1158,0.1737,0.174,0.1883,0.1866,0.1808,0.2242,0.2308,0.1899,0.1804,0.2098,0.2775,0.272,0.2364,0.2283,0.2245
Edu_Positive_Proportion,NA,NA,NA,0.1589,0.121,0.1211,0.121,0.1127,0.1105,0.1286,0.147,0.1233,0.142,NA,NA,NA,NA,NA,NA,NA,NA,NA,NA,0.3077,0.2982,0.2267,0.2452,0.2125,0.2532,0.2303,0.2707,0.3113,0.2852,NA,NA,NA,0.2725,0.147,0.1327,0.1533,0.05021,0.08947,0.06566,0.03019,0.04046,0.1258,NA,NA,NA,0.262,0.23,0.2282,0.1528,0.02303,0.06029,0.04662,0.1056,0.0947,0.1573,NA,NA,NA,0.3043,0.2128,0.2057,0.2103,0.01397,0.04066,0.04896,0.08332,0.07551,0.1924,NA,NA,NA,0.0337,0.002846,0.004066,0.0366,0.004166,0.005108,0,0.0007185,0.00568,0.0178,NA,NA,NA,0.1747,0.1737,0.1325,0.1398,0.1397,0.2014,0.2021,0.1654,0.1459,0.172
